No,English,Japanese
1,as a result,結果として
2,look up,を調べる
3,available,利用できる
4,at first,最初は
5,in the past,過去に
6,nowadays,最近，近頃
7,information,情報
8,drop by,ちょっと立ち寄る
9,gain,得る
10,traditional,伝統的な
11,quality,質，特性
12,improve,を改善する，改良する
13,however,しかしながら，どんなに～でも
14,collect,集める
15,extra,余分の，特別の
16,clothing,衣料品
17,comfortable,心地の良い，快適な
18,disappoint,がっかりさせる
19,instead,代わりに，その代わり
20,originally,はじめは，元々は
21,take part in,に参加する
22,dress up,着飾る
23,certainly,確かに，間違いなく
24,find out,見つけ出す
25,search for,を探索する
26,come up with,を思いつく，を考え出す
27,company,会社
28,details,詳細
29,melt,溶ける，を溶かす
30,direction,方向，方角
31,injury,怪我，負傷
32,silence,沈黙
33,tight,狭い，締まった
34,protect,を守る、保護する
35,sharp,鋭い
36,behind,背後に
37,bother,面倒／迷惑をかける
38,emergency,緊急，急ぎ
39,waste,を浪費する／浪費，廃棄物
40,amount,量，額
41,advantage,有利，利点
42,object,物体
43,add,足し算する，合計する
44,surface,表面，水面
45,destroy,を破壊する
46,knowledge,知識
47,continue,をし続ける
48,immediately,即座に
49,correct,正確な／を訂正する
50,government,政府，行政府，内閣
51,raise,を上げる，持ち上げる
52,hurt,を傷つける
53,experiment,実験，試み
54,fail,失敗する
55,material,材料，原料
56,recently,最近，このごろ
57,spread,を広げる，広がる
58,traffic,交通，運輸
59,modern,現代的な，現代の
60,reduce,を減らす，縮小する
61,distance,距離
62,opportunity,機会，好機
63,activity,活動
64,abroad,外国で，外国へ
65,prefer,より好む
66,mention,言及する
67,although,だけれども
68,climate,気候
69,condition,状態，条件
70,impression,印象
71,item,項目，品目
72,profit,利益，もうけ
73,survey,調査／を見渡す
74,sink,沈む
75,illness,病気
76,flavor,風味，味
77,expert,専門家
78,borrow,を借りる
79,notice,気づく／通知
80,quit,やめる
81,silly,馬鹿な，愚かな
82,wealthy,裕福な
83,behave,振る舞う
84,decrease,減少する，を減らす／減少
85,divide,を分割する，分ける
86,ignore,を無視する
87,judge,を判断する／裁判官
88,organize,を組織する，を編成する
89,overcome,を克服する
90,narrow,幅が狭い
91,attract,引きつける
92,breathe,呼吸をする
93,confuse,を混乱させる，区別がつかない
94,reserve,を取っておく
95,asleep,眠っている
96,nervous,神経質な，びくびくして
97,discuss,について議論する，検討する
98,rarely,めったに～ない
99,thanks to,のおかげで
100,anyway,ともかく
101,by the time,するまでには
102,in particular,特に，とりわけ
103,take over,を引き継ぐ
104,in addition,追加として，さらに
105,be filled with,で満たされている
106,even though,～だけれども，～であるのに
107,refrigerator,冷蔵庫
108,and so on,などなど
109,at most,多くとも，せいぜい
110,do me a favor,お願いをする
111,get along with,とうまくやっていく
112,get back,取り戻す
113,in spite of,にもかかわらず
114,keep in mind,を心に留めておく
115,on the way to,道の途中で
116,put down,置く
117,rely on,に頼る，を当てにする
118,run out of,を使い果たす
119,so far,これまでは
120,appeal to,に訴える
121,as well,同様に，その上
122,be good at,～が上手である
123,be responsible for,に対して責任がある
124,call off,を中止する
125,in case,万一に備えて
126,on average,平均して
127,on foot,歩いて
128,out of order,故障して
129,on purpose,故意に，わざと
130,stay away from,離れている
131,suffer from,で苦しむ，悩まされる
132,apologize,謝る，謝罪する
133,succeed in,に成功する
134,after all,結局
135,be popular with,に人気がある
136,be sick of,にうんざりしている
137,be unlikely to,起こりそうにない
138,catch up with,に追いつく
139,differ from,とは違って，との違い
140,in advance,前もって，事前に
141,in a hurry,急いで
142,participate in,に参加する
143,sooner or later,遅かれ早かれ
144,try on,試着する
145,similar to,に似ている
146,show off,見せびらかす
147,turn down,断る
148,fill out,書き込む
149,mostly,主に，ほとんど
150,dig,を掘る
151,muscle,筋肉
152,bite,を噛む，かじる
153,treat,を扱う，待遇する
154,rather,むしろ，どちらかといえば
155,apparently,明らかに
156,spend,を費やす，使う
157,discover,を発見する
158,discovery,発見
159,arrival,到着
160,degree,程度，度
161,achieve,を達成する，到達する
162,attitude,態度
163,explain,を説明する
164,establish,を設立する，創設する
165,tax,税金
166,belief,信念
167,demonstrate,実証する，証明する
168,ancient,古代の，大昔の
169,formal,形式の，形式的な
170,allow,を許可する，許す
171,article,記事
172,contain,を含む，が入っている
173,temperature,温度，気温
174,common,共通の，共同の
175,mean,を意味する
176,hardly,ほとんどない
177,unable,できない
178,argument,議論，口論
179,ancestor,祖先，先祖
180,capital,資本，首都
181,disaster,災害，災難
182,height,高さ
183,ideal,理想
184,popularity,人気，流行
185,blow,吹く
186,decision,決定，結論
187,agent,代理人
188,praise,をほめる／賞賛
189,punish,を罰する，懲らしめる
190,chemical,化学物質／化学の
191,negative,否定の
192,consist,成り立つ
193,criticize,を批評する
194,import,輸入する
195,promote,を促進する
196,recover,回復する
197,release,解き放つ
198,translate,を翻訳する，通訳する
199,warn,警告する
200,childhood,子供時代
201,thought,考えること，意見
202,accomplish,を成し遂げる，完成する
203,combine,を結合させる，合同する
204,complain,不満を言う
205,favorite,特に好きな
206,responsible,責任がある，責任が伴う
207,tiny,ごく小さい
208,look down on,を下に見る
209,get rid of,を取り除く
210,instead of,の代わりに
211,plenty of,たくさんの
212,stomach,腹
213,vision,未来像
214,expansion,拡張，拡大
215,occur,発生する，起こる
216,indeed,実に，全く
217,solution,解決法，解明
218,ease,容易さ，気楽さ
219,elect,を選出する
220,unit,単位
221,fact,事実
222,educational,教育の
223,manner,やり方，方法
224,suffering,苦しみ
225,crucial,重要な，決定的な
226,tear,を引き裂く
227,govern,統治する
228,enforcement,執行，実施
229,brain,頭脳，脳
230,talented,才能のある
231,research,研究／研究する
232,firm,しっかりした，堅い
233,community,共同社会
234,force,力，勢い
235,past,過去の，終わった
236,right,正しい
237,impressive,印象的な
238,salary,給与
239,deal,を扱う，分配する
240,prompt,即座の
241,let A do,Aにさせる
242,vote,投票する／投票権
243,president,社長，大統領
244,range,範囲，幅
245,vital,極めて重要な，生命の
246,estate,財産
247,responsibility,責任
248,unknown,未知の
249,grant,給付金
250,perceive,知覚する
251,especially,特に
252,client,顧客
253,mysterious,不可解な，不思議な
254,steel,鋼鉄
255,concept,概念，観念
256,nevertheless,にも関わらず
257,attribute,に帰する
258,prevent,を妨げる，予防する
259,manufacturer,製造元，製造業者
260,effect,効果，影響，結果
261,million,100万
262,encounter,遭遇する
263,accuse,告発する
264,briefly,簡単に，手短に
265,so-called,いわゆる
266,global,地球の
267,according to,によると
268,lack,不足，欠乏
269,essay,論文，小説
270,approach,に近づく，接近する
271,bear,我慢する，を圧迫する
272,natural,当然の，自然の
273,administration,機関，運営
274,audience,聴衆，観客
275,production,生産，製造
276,qualify,に資格を与える
277,intention,意図
278,previously,以前は，前もって
279,language,言語
280,fee,料金，手数料
281,nor,もない
282,negotiation,交渉，話し合い
283,automobile,自動車
284,dust,ほこり
285,extremely,極端に，過度に
286,echo,こだま
287,detailed,詳細の
288,maximum,最大，最大の
289,pan,フライパン
290,improvement,改善，改良
291,genius,天才
292,credit,信用
293,debt,借金，負債
294,resource,資源，資産
295,therapy,治療
296,glance,一目見る／一目
297,storage,保管
298,academic,学術の，大学の
299,permit,を許可する
300,concern,心配する，に関係する
301,strain,張る
302,role,役割
303,nowhere,どこにも
304,recent,最近の，新しい
305,mate,友達，仲間
306,distinguish,を区別する
307,sophisticated,洗練された
308,upset,気持ちが動揺した，ひっくり返す
309,disturb,を阻害する，(人の)邪魔をする
310,invest,に投資する
311,intense,激しい，熱心な
312,retire,退職する，引退する
313,wildlife,野生動物
314,polite,礼儀正しい
315,entertain,を楽しませる
316,competition,競争
317,inquiry,問い合わせ，質問
318,period,期間
319,bind,縛りつける，束ねる
320,certain,ある，確信している
321,passenger,乗客
322,behavior,振る舞い，態度
323,meanwhile,一方で，他方で
324,earn,稼ぐ
325,enter,入る
326,complex,複雑な，複合の
327,moreover,さらに，その上
328,structure,構造，建造物
329,annoy,いらだたせる
330,direction,方向，方角
331,influence,影響／影響を及ぼす
332,rapidly,素早く
333,detail,詳細
334,culture,文化，教養
335,prior,優先の，前の
336,fire,首にする，火をつける／火，火事
337,assessment,評価，査定
338,engaged,に従事して，忙しくして
339,regret,後悔する／後悔，遺憾
340,excuse,言い訳／を許す
341,court,裁判所，中庭
342,solve,を解決する
343,threaten,を脅かす
344,enable,に可能にさせる
345,unfortunately,残念なことに，不幸にも
346,representation,表現
347,procedure,手続き，手順
348,expectation,期待，予想
349,asset,資産
350,dump,投げ捨てる
351,citizen,市民，国民
352,occupation,職業
353,restore,を元に戻す，を修復する
354,significance,重要性
355,flow,流れる
356,failure,失敗
357,earnings,収益，稼ぎ
358,disease,病気，疾患
359,peer,同僚，仲間
360,strategy,戦略
361,remarkable,目立った
362,heel,かかと
363,definitely,絶対に，確実に
364,ordinary,ふつうの，いつもの
365,isolate,を孤立させる，隔離する
366,competitive,競争力のある，競争による
367,progress,進歩，前進
368,typical,典型的な
369,compete,競争する
370,assault,暴行，攻撃
371,conviction,信念
372,terrible,ひどい，恐ろしい
373,bill,請求書
374,pain,痛み，苦痛
375,emphasize,を強調する，力説する
376,weather,天候，天気
377,immigrant,移民
378,interpret,を解釈する，受け取る
379,thick,厚い
380,merchant,商人
381,physics,物理学
382,trigger,引き金
383,status,状態，身分
384,worth,の価値がある，(～するに)値する
385,relation,関係性
386,later,後に
387,political,政治の
388,truth,真実
389,partly,部分的に
390,observe,を観察する
391,stream,流れ
392,oppose,反対する
393,quite,かなり
394,conscious,意識して
395,intend,意図する
396,operation,操作，作用
397,recommend,を推薦する，を勧める
398,feature,特徴／を目玉とする
399,consideration,考慮，考察
400,diet,食事，食事療法
401,horror,恐怖
402,population,人口，国民
403,necessarily,必然的に
404,agree,同意する
405,whether,どちらか
406,analysis,分析
407,conflict,対立，争い
408,extreme,極端な
409,wherever,どこでも
410,source,情報源，原因
411,objective,目標，目的地
412,rural,田舎の
413,headline,見出し，表題
414,analyst,分析者
415,sign,標識，印，合図
416,clue,手がかり，糸口
417,controversial,議論の的になる，論争上の
418,realize,だとわかる，実現する
419,surround,を取り囲む，を包囲する
420,commission,手数料，委任状
421,seek,求める，捜し出す
422,independent,独立した
423,proposed,提案した
424,international,国際的な
425,several,幾つかの
426,theory,理論，学説
427,fellow,仲間
428,elderly,年配の
429,extension,拡張，延長
430,proper,適切な，ふさわしい
431,enhance,強調する，(さらに)高める
432,beyond,～を越えたところに
433,hear from,から便りがある，連絡をもらう
434,due,期限の，納期の
435,existing,既存の
436,expand,拡大する，広がる
437,wrong,間違い，誤った
438,rebel,反逆者
439,suffer,を患う，苦しむ
440,within,以内で
441,taste,味／な味がする
442,democrat,民主主義者
443,personally,個人的に，本人自ら
444,throughout,至るところに，終始
445,preserve,保存／を保存する
446,intelligent,かしこい，知能の高い
447,slide,滑る
448,popular,人気のある
449,murder,殺人
450,attend,出席する，付き添う
451,constantly,常に
452,drift,漂流
453,result,結果
454,priority,優先度，優先権
455,joint,継目，関節
456,viewer,観察者，視聴者
457,satellite,衛星
458,distant,遠く離れた
459,delivery,配達
460,anxious,心配して，不安な
461,towards,の方へ
462,employee,従業員
463,significant,重要な
464,particular,特定の
465,pick up,拾う
466,criticism,批判
467,appear,現れる
468,permission,許可，認可
469,virus,ウイルス
470,deny,を否定する
471,valuable,貴重な，価値のある
472,comprehensive,包括的な，理解力のある
473,till,まで
474,properly,適切に
475,vulnerable,傷つきやすい
476,directly,直接，直接的に
477,occupy,占める
478,curious,好奇心が強い
479,vary,多様化する，異なる
480,stare,じっと見つめる
481,decade,10年間
482,armed,武装した
483,seem,の様に見える，思われる
484,fate,運命，宿命
485,convince,を納得させる
486,criminal,犯罪の
487,stable,安定した
488,naked,裸の
489,Jewish,ユダヤ人
490,senate,上院
491,hide,隠す，隠れる
492,recovery,回復
493,bond,拘束，束縛
494,portrait,肖像画
495,intervention,介在，仲裁
496,consistent,一貫した，矛盾のない
497,investigator,捜査官
498,normally,通常は，普通に
499,conclude,を締めくくる，終える
500,well-known,よく知られた，有名な
501,development,発展，発達，開発
502,desire,願望／切望する
503,probably,おそらく
504,respond,反応する，と返答する
505,involvement,関与，関わり合い
506,minister,大臣，牧師
507,patch,当て布，布切れ
508,chairman,会長
509,ethnic,民族の，民族特有の
510,lap,ひざ
511,refer,を参考にする，参照する
512,repair,を修理する，修繕する
513,current,現在の，現行の
514,obviously,明らかに，明白に
515,ceiling,天井
516,philosopher,哲学者
517,suicide,自殺
518,social,社会の
519,potential,潜在的な
520,sum,合計
521,draw,描く，引っ張る
522,rough,ごつごつした，粗い
523,fundamental,基本的な，基礎の
524,association,協会，連合
525,yield,産出する，生ずる
526,politician,政治家
527,department,部門
528,palm,手のひら
529,phenomenon,現象
530,admit,を認める，入ることを許す
531,critical,極めて重要な，批判的な
532,throat,のど
533,adapt,に適合させる
534,largely,主として
535,belong,に属する
536,attempt,試み
537,impress,感銘を与える
538,submit,を提出する，に服従する
539,bored,退屈した
540,electric,電気の
541,civilized,発達した文明をもつ，教養の高い
542,combat,戦闘
543,destruction,破壊
544,ally,と同盟する
545,similarly,同様に
546,complete,完全な，全部の
547,complicated,複雑な
548,mad,狂った
549,hate,ひどく嫌う
550,urban,都会の
551,reputation,評判
552,phase,段階
553,philosophy,哲学
554,shooting,撮影，射撃
555,include,を含む
556,medium,中間の
557,contemporary,現在の，現代の
558,jury,陪審員
559,huge,巨大な，莫大な
560,die,死ぬ
561,examine,を検査する
562,element,要素，元素
563,mainly,主に，もっぱら
564,success,成功
565,exist,存在する，実在する
566,gentle,穏やかな，物柔らかな
567,occasion,特定の時，行事，祭典
568,accompany,に付き添う，に同行する
569,virtually,実質的に
570,withdraw,を撤回する，引き下がる/引き出す
571,leisure,余暇
572,representative,代表者，代理人
573,mass,塊，大部分
574,honest,正直な
575,imply,をほのめかす
576,mixture,混合物
577,aware,気づいている，知っている
578,device,装置，仕掛け
579,deputy,代理
580,smell,においがする
581,overall,全体的な，全部の
582,custom,習慣
583,roll,転がる
584,exposure,暴露，さらすこと
585,term,期間，専門用語
586,industry,産業
587,otherwise,さもなければ
588,electronic,電子の
589,proud,自慢に思って，誇らしげな
590,task,仕事
591,concentration,集中，専念
592,debate,討論
593,suggest,を提案する
594,derive,を引き出す
595,lawn,芝生
596,compose,を構成する，作曲する
597,react,反応する
598,proportion,比率，割合
599,confident,自信のある
600,manufacturing,製造している
601,multiple,掛け算する
602,chest,たんす，チェスト
603,authority,権威，権力
604,creature,生き物
605,wear,身につけている
606,swear,誓う
607,survival,生存
608,attractive,魅力的な，興味をそそる
609,union,統合，一致
610,prisoner,囚人
611,sight,見ること，視力
612,expose,明らかにする
613,therefore,それゆえ，だから
614,prosecutor,検察官
615,present,現在の，出席して
616,publication,出版物
617,dull,面白みのない，鈍い
618,aspect,局面，側面，表情
619,advice,助言
620,fair,公平な
621,via,～経由で
622,mayor,市長，町長
623,lose,失う
624,judgement,判断
625,observer,観察者
626,tongue,言葉，舌
627,defendant,被告人
628,handle,を手で扱う，に対処する／取っ手
629,component,成分
630,declare,を宣言する，公表する
631,squeeze,絞る，押しつぶす
632,maintain,を維持する
633,passage,一節
634,bitter,苦い
635,whom,誰を
636,split,割る，裂く
637,capable,可能性がある，才能のある
638,habit,習慣
639,concrete,具体的な
640,remaining,残りの
641,depend,依存する
642,dependent,依存している
643,so that,とても…なので
644,argue,だと主張する，感情的に論じる
645,consequence,結果，影響
646,outcome,結果，成果
647,heritage,遺産
648,ban,を禁止する／禁止
649,master,主人，支配人
650,biological,生物学上の
651,voter,投票者
652,landscape,風景，眺め
653,moment,瞬間，瞬時
654,occasionally,時折，たまに
655,practical,実用的な
656,wipe,を拭く
657,tradition,伝統
658,affair,事柄
659,reward,褒美，報酬
660,award,賞
661,purpose,目的，目標
662,gather,を集める
663,respect,尊敬
664,advertise,宣伝する，広告する
665,eventually,結局は，やがて
666,approval,承認
667,reach,到着する
668,afraid,心配して，恐れて
669,commercial,商業の
670,harmful,有害な
671,suggestion,提案
672,contrast,対照
673,coal,石炭
674,headquarters,本部
675,absorb,を吸収する
676,proposal,提案
677,consumer,消費者
678,historic,由緒のある，歴史に残る
679,pursue,追い求める，追跡する
680,immediate,即座の
681,knee,膝
682,apply,適用する
683,existence,存在
684,dismiss,を退出させる
685,regional,地方の
686,war,戦争
687,factor,要因
688,constant,絶え間ない，一定の
689,encourage,を勇気づける，励ます
690,prayer,祈り，礼拝
691,forward,前方へ
692,principle,原理
693,supporter,支援者
694,stimulate,を刺激する，元気づける
695,address,住所
696,accept,受け入れる
697,increase,を増やす，増大させる
698,remind,に思い出させる，に気付かせる
699,proof,証拠
700,appropriate,適当な
701,deserve,値する
702,establishment,設立
703,definition,定義
704,economic,経済の
705,introduce,紹介する
706,convey,伝える，運ぶ
707,partnership,共同，提携
708,attorney,弁護士，代理人
709,index,索引
710,circumstance,状況，環境
711,conversation,会話
712,poet,詩人
713,craft,工芸，技能
714,spill,をこぼす
715,reject,拒絶する，断る
716,province,州
717,admission,入場，入場料
718,consumption,消費，消費高
719,bishop,司教
720,fuel,燃料
721,guess,推測する
722,economy,経済，節約
723,construct,を組み立てる，建設する
724,assistance,支援，手伝い
725,implement,実施する／道具，手段
726,peak,頂上
727,sculpture,彫刻
728,various,様々な
729,symptom,症状
730,tribe,部族
731,agriculture,農業
732,dealer,販売業者
733,unlike,と異なって，とは違って
734,invent,を発明する
735,treaty,条約
736,trust,信頼，信用
737,instruction,指示，指導
738,comedy,喜劇
739,absolutely,絶対に
740,alliance,同盟，協定
741,law,法律
742,evil,邪悪な
743,chamber,小部屋
744,suppose,だと思う，と仮定する
745,develop,を発達させる，を開発する
746,remember,覚えている，を思い出す
747,entitle,と題する，権利を与える
748,significantly,かなり
749,confidence,自信，信頼
750,national,国の，国民の
751,whenever,する時はいつでも
752,rush,突進する，急ぐ，急ぎ
753,female,雌の，女性の
754,identity,同一性
755,independence,独立，自立
756,match,試合
757,fix,固定する
758,cooperation,協力
759,coalition,連立，連合
760,detect,を検出する，を感知する
761,interior,内部の
762,alter,を変える
763,retirement,退職，引退
764,sensitive,敏感な
765,reply,返答する
766,opposition,反対，対立
767,export,を輸出する
768,psychologist,心理学者
769,pension,年金
770,correspondent,特派員
771,duty,職務，関税
772,attach,を貼り付ける
773,personality,人格，性格
774,fully,十分に，完全に
775,scheme,計画，案
776,install,導入する
777,ingredient,材料，原料，成分
778,flood,洪水
779,folk,人々
780,election,選挙
781,despite,にも関わらず
782,revolution,革命
783,promotion,昇進，進級
784,industrial,産業の
785,dramatic,劇的な
786,lean,傾く，寄りかかる
787,exhibition,展示
788,compromise,妥協，和解
789,anxiety,心配，不安
790,relevant,関連のある，適切な
791,observation,観察
792,manager,部長，支配人
793,defeat,負かす，打ち破る
794,surgery,手術，外科
795,reaction,反応
796,abandon,を捨て去る
797,crisis,危機，難局
798,comfort,快適さ／慰める
799,wise,賢い
800,sustain,保持する，続けてする
801,hire,雇う
802,slip,滑る
803,entirely,完全に，全く
804,totally,完全に，全く
805,extensive,広範な
806,represent,を表す，を代表する
807,receive,を受理する，受け取る
808,employ,雇う
809,hang,つるす，掛ける
810,context,文脈
811,famous,有名な
812,assumption,想定，仮説
813,charge,非難，料金，管理／に請求する
814,civilization,文明
815,aid,援助／助ける
816,poll,投票
817,scientific,科学の
818,pleasure,楽しみ，喜び
819,dislike,嫌がる，嫌い
820,environment,環境
821,girlfriend,女友達
822,coast,海岸，沿岸地域
823,evolution,進化，発展
824,recall,呼び戻す，思い出す
825,agreement,同意
826,county,州
827,nation,国家
828,negotiate,交渉する
829,depth,深さ
830,musician,音楽家
831,threat,脅威
832,transform,を変える
833,method,方法
834,jail,刑務所，拘置所
835,university,大学
836,primitive,原始的な
837,emerge,現れる
838,physical,身体の，肉体の
839,false,誤った
840,highlight,目立たせる，最も明るい部分
841,estimate,を推定する，評価する
842,reasonable,理性のある
843,efficient,効率のいい
844,initiative,主導権，独創力
845,recommendation,推薦
846,according,による，準じて
847,implication,含み，裏の意味
848,seldom,めったに～しない
849,pregnant,妊娠している
850,society,社会
851,breath,息，呼吸
852,employer,雇用者
853,advertising,広告
854,equipment,装置，設備
855,universe,宇宙
856,addition,追加
857,visible,目に見える
858,opinion,意見，考え
859,decline,断る，拒否する
860,male,男性，雄
861,somehow,どうにか
862,suit,適合する
863,latter,後者の，後半の
864,merely,単に
865,appearance,出現，外見
866,fairly,かなり，公平に
867,chapter,章，区切り
868,nearby,近くの
869,settle,決着させる，解決する
870,contribute,に寄付する，捧げる
871,foreign,外国の
872,extend,延びる，延長する
873,policy,政策，方針
874,cope,対処する
875,religion,宗教，信仰
876,conclusion,結論
877,treatment,扱い，処理
878,alternative,代替物，代案
879,reverse,反対の，裏側の
880,former,前の
881,victim,犠牲者
882,distinction,区別，相違
883,lab,研究室
884,literary,文学の
885,twin,ふたご
886,patient,我慢強い，患者
887,state,状態
888,forever,永遠に
889,propose,を提案する，申し出る
890,pleasant,楽しい
891,content,中身，内容，目次
892,order,命令
893,superior,より優れた
894,pretend,のふりをする
895,unique,他に類を見ない，唯一の
896,preparation,準備
897,afford,余裕がある
898,congress,会議
899,nuclear,核の
900,regarding,に関して
901,party,政党
902,finance,財政
903,financial,財政の
904,intelligently,かしこく
905,describe,を述べる，描写する
906,operate,操作する
907,embrace,を抱きしめる，を抱擁する
908,resistance,抵抗
909,dozen,12の
910,corridor,廊下
911,background,背景
912,strike,叩く，打つ
913,educate,教育する，訓練する
914,fabric,織物
915,clerk,事務員，社員
916,evidence,証拠
917,concentrate,に集中する
918,funding,資金調達
919,extraordinary,普通でない，異常な
920,civilian,民間人，一般市民
921,history,歴史
922,maintenance,持続，保全
923,faith,信頼，信用
924,alike,よく似た
925,grammar,文法
926,vehicle,乗り物，車
927,remain,のままである，残る
928,benefit,利益／に利益をもたらす
929,length,長さ
930,carbon,炭素
931,useful,役に立つ
932,fat,太った
933,provision,供給，支給
934,subject,教科，主題
935,region,地域
936,boundary,境界
937,adopt,を自分のものにする，を取り入れる
938,wisdom,知恵，賢明さ
939,express,表現する，を言い表す
940,brick,れんが
941,creation,創造
942,greet,を出迎える，に挨拶する
943,block,を妨げる
944,escape,逃れる，脱走する
945,obtain,を手に入れる，を獲得する
946,gradually,次第に，だんだんに
947,obvious,明白な
948,innocent,罪のない，無罪の
949,distribution,分布，配分
950,exactly,正確に
951,continent,大陸
952,arms,武器
953,compound,調合する
954,public,公共の
955,awareness,気づき
956,remove,を取り除く，を除去する
957,opponent,相手
958,neighborhood,近所
959,while,一方で
960,council,議会，会議
961,suitable,適した，好都合な
962,secretary,秘書
963,participate,参加する
964,politics,政治
965,accurate,正確な，的確な
966,drug,麻薬，薬
967,strange,奇妙な，異常な
968,conventional,従来の
969,organization,組織，団体，協会
970,desperate,やけくその
971,moral,道徳の，道徳的な
972,intellectual,知的な
973,emphasis,強調
974,particularly,特に，とりわけ
975,founder,創設者
976,consider,について考える，だと見なす
977,emotional,感情の，情緒の
978,infection,感染
979,identify,を見分ける
980,demand,要求，需要／を要求する
981,given,与えられた
982,transition,遷移，変遷
983,author,著者
984,considerable,かなりの，重要な
985,graduate,を卒業する
986,conduct,行為
987,crowd,群衆
988,nature,自然
989,broad,広い
990,physician,医師，内科医
991,persuade,を説得する
992,achievement,達成
993,witness,目撃者，証人／を目撃する
994,face,直面する／顔
995,focus,焦点
996,federal,連邦の
997,associate,結びつけて考える，賛同する
998,aim,ねらいをつける
999,deficit,赤字
1000,activist,行動主義者
1001,primary,最初の
1002,joy,喜び，歓喜
1003,inspector,検査官，監査人
1004,actually,実際に，現実に
1005,previous,前の
1006,variation,変化
1007,stupid,馬鹿な，愚かな
1008,poverty,貧困，貧乏
1009,appeal,訴える，告発する
1010,substance,物質，実態
1011,regulation,規制，規定
1012,bare,裸の
1013,awake,目を覚ましている
1014,suspect,疑う，だと思う
1015,battery,電池
1016,income,所得
1017,fault,欠点，短所
1018,tissue,組織
1019,stranger,他人
1020,expensive,高価な，費用のかかる
1021,difference,違い，差分
1022,percentage,割合
1023,own,自身の
1024,brief,短い，短時間の
1025,useless,役に立たない，むだな
1026,predict,を予想する，を予測する
1027,personnel,人事，職員
1028,sudden,突然の
1029,transfer,を移す
1030,solid,固い，固形の
1031,mess,混乱，錯乱
1032,flee,逃げる
1033,drain,排出させる，排水をする
1034,remark,ことば
1035,lecture,講義
1036,resolution,解決，決意
1037,desert,砂漠
1038,advocate,提唱する
1039,bet,賭ける
1040,characteristic,特有の，独特の
1041,education,教育
1042,whatever,なんでも
1043,cause,原因／の原因となる
1044,commitment,約束，委託
1045,supply,供給
1046,temporary,一時的な
1047,involve,を含む，を巻き込む
1048,meal,食事
1049,replace,を取り換える，を交換する
1050,expression,表現
1051,investor,投資家
1052,humanity,人間，人間性
1053,majority,大多数
1054,possess,を所有する
1055,contribution,寄付，貢献
1056,frequently,頻繁に
1057,shrug,肩をすくめる
1058,operator,操作者
1059,slightly,わずかに，少し
1060,interpretation,解釈，説明
1061,rely,頼る
1062,reduction,削減，減少
1063,whole,全部の
1064,purchase,を購入する／購入
1065,summit,頂上
1066,hell,地獄
1067,typically,典型的に
1068,admire,を賞賛する
1069,literature,文学
1070,issue,問題，（雑誌などの）号
1071,rent,家賃
1072,widely,広範囲に
1073,satisfaction,満足
1074,worry,心配させる，心配する
1075,rub,こする，さする
1076,completely,完全に，全く
1077,disappear,消える，見えなくなる
1078,inflation,膨張
1079,maybe,たぶん，おそらく
1080,calculate,計算する
1081,determine,を決める
1082,mexican,メキシコの
1083,crop,収穫物，作物
1084,prosecution,起訴，告訴
1085,toe,つま先，足の指
1086,seize,つかむ
1087,imagination,想像
1088,governor,知事
1089,curiosity,好奇心
1090,rise,上がる
1091,tail,尾
1092,except,を除いて
1093,lie,横たわる
1094,string,紐，糸
1095,appoint,任命する，指定する
1096,military,軍隊の
1097,conference,会議
1098,explanation,説明
1099,atmosphere,雰囲気
1100,toward,向かって，のほうへ
1101,convenient,都合がよい，便利な
1102,examination,試験
1103,sort,種類
1104,strongly,強く，激しく
1105,fear,を恐れる，恐がる／恐れ
1106,ability,能力，力量
1107,weight,重さ，体重
1108,exclude,除く
1109,discipline,しつけ，規律
1110,share,分かち合う／分け前
1111,potentially,潜在的に
1112,extent,程度，大きさ
1113,discussion,議論，討論
1114,settlement,移住，定住
1115,enormous,非常に大きい
1116,presence,存在
1117,effective,効果的な
1118,rapid,急速な
1119,basis,土台，根拠
1120,commander,司令官
1121,radical,急進的な，抜本的な
1122,individual,個人の，個々の
1123,journal,日誌，日記
1124,avoid,を避ける，を回避する
1125,stake,くい
1126,possibly,ひょっとすると
1127,violence,暴力，乱暴
1128,likely,起こりそうな
1129,entertainment,娯楽
1130,opposite,反対の，向こう側の
1131,district,地域
1132,domestic,国内の，家庭の
1133,pitch,投げる
1134,historical,歴史上の
1135,bullet,弾丸
1136,revenue,収益，所得
1137,democracy,民主主義
1138,legislation,立法
1139,breast,胸部
1140,actual,現実の
1141,eager,強く望んでいる
1142,possible,可能な
1143,proverb,ことわざ
1144,psychological,心理的な
1145,refugee,難民
1146,origin,起源
1147,transport,を輸送する
1148,notion,考え，意見
1149,initially,最初は
1150,doubt,疑い，疑問
1151,sigh,ため息をつく
1152,laboratory,実験室，研究所
1153,delight,喜び，歓喜
1154,shortly,まもなく
1155,universal,普遍的な，万能の
1156,surely,確かに
1157,labor,労働，労働者
1158,entire,全体の，全部の
1159,blood,血，血液
1160,wonder,かなと思う
1161,arise,起こる，現れる
1162,incorporate,合体させる
1163,mere,単なる
1164,agenda,議題
1165,terror,恐怖
1166,truly,真に，正確に
1167,necessary,必要な
1168,science,科学
1169,favor,親切な行為
1170,recession,不況，後退
1171,aircraft,航空機
1172,prison,刑務所
1173,anniversary,～周年，記念日
1174,possibility,可能性，実現性
1175,sequence,連続
1176,slight,かすかな，わずかの
1177,customer,顧客，お客様
1178,inform,情報を与える，に知らせる
1179,illegal,違法の
1180,investigation,調査
1181,depression,落ち込み，不景気
1182,matter,問題，困ったこと
1183,unless,でない限り
1184,necessity,必要性
1185,supreme,最高の
1186,severe,厳しい，厳格な
1187,bloody,血の
1188,apart,離れて
1189,cast,投げる
1190,airline,航空会社
1191,trading,取引
1192,path,小道
1193,appreciate,感謝する，を高く評価する
1194,crack,裂け目，ひび
1195,hesitate,ためらう
1196,contrary,反対の
1197,depending,依存している
1198,household,家族，世帯
1199,laughter,笑い
1200,teenager,十代
1201,crime,犯罪
1202,frighten,怖がらせる
1203,quarter,四半期
1204,mortgage,抵当，担保
1205,indicate,を指し示す
1206,stroke,打撃
1207,shortage,不足，欠乏
1208,explore,探索する，調査する
1209,property,財産，所有物
1210,freeze,凍る
1211,closely,綿密に
1212,venture,冒険的事業
1213,pretty,かなり
1214,account,銀行口座
1215,internal,内部の
1216,edge,端，縁
1217,environmental,環境の
1218,plenty,たくさん
1219,amendment,修正
1220,fiber,繊維
1221,somewhat,いくぶん，いくらか
1222,restriction,制限
1223,in order to,～するために，～の目的で
1224,not only A but also B,AだけでなくBもまた，Aと同様Bも
1225,a number of,たくさんの，多数の
1226,be likely to,する可能性が高い，しそうになる
1227,end up,最終的に，することになる
1228,publish,を出版する，発行する
1229,expense,費用，出費，犠牲
1230,similar,似ている，類似の
1231,pollution,汚染，汚れ，汚染物
1232,foundation,土台，根拠，設立
1233,compare,を比較する，をたとえる
1234,lead to,に導く，～につながる
1235,furthermore,さらに，その上
1236,more and more,ますます多くの，更に
1237,consume,を消費する，消耗する
1238,employment,雇用，採用
1239,by chance,偶然に，たまたま
1240,until,までに，まで
1241,on the other hand,一方で，他方で
1242,arrest,を逮捕する，捕まえる
1243,betray,を裏切る，をだます
1244,affect,に影響を与える，に作用する
1245,portable,持ち運べる，携帯用の
1246,construction,建設，構造，建造物
1247,convert,を変える，転換する
1248,resident,住民，居住者
1249,provide,を供給する，提供する
1250,metal,金属，合金
1251,currency,通貨，流通
1252,in detail,詳細に，具体的に
1253,in contrast,対照的に，これに対して
1254,for instance,例えば，たとえ…としても
1255,additionally,加えて，さらに，追加で
1256,in response to,に応じて，に反応して
1257,at the same time,同時に，一斉に
1258,preserved,保存された，保管された
1259,be known as,として知られている，として認知されている
1260,analyze,を分析する，分解する
1261,a variety of,いろいろな，さまざまな
1262,sympathy,同情，思いやり
1263,flexibility,しなやかさ，弾力性，柔軟性
1264,manage,何とかうまくやる，管理を行う
1265,reach out,手を延ばす，手を差し出す
1266,for fear of,を恐れて，を怖がって
1267,on behalf of,の代わりに，代わって
1268,on account of,のため，目的の
1269,artificial,人工的な，人造の
1270,prevent A from B,AをBから防ぐ，AをBから保護する
1271,rather than,よりむしろ，ではなくて
1272,measure,措置，測るもの/を測る
1273,be born with,生まれつき，生来の
1274,since then,それ以来，それ以降
1275,turn A into B,AをBに(質的に)変える，AをBに(質的に)転換する
1276,fertilizer,肥料，育成剤
1277,made of,で出来ている，構成されている
1278,make sure,を確かめる，必ず手配する
1279,tolerate,に耐える，寛大に取り扱う
1280,journey,旅，旅行
1281,get along,うまくやる，仲良くやる
1282,keep up with,に遅れず付いていく，遅れないで追随する
1283,cell,細胞，マス目
1284,such as,のような，似たような
1285,annually,毎年の，年一回ずつ
1286,invest in,に投資する，に資本を提供する
1287,embarrass,を恥ずかしがらせる，を恥じさせる
1288,enlarge,を拡大する，を広げる
1289,brilliant,優れた，光り輝く
1290,vote for,に賛成する，に投票する
1291,frequent,頻繁な，しばしば起こる
1292,gravity,重力，引力
1293,rare,まれな，珍しい
1294,decide,決心する，決定する
1295,bank account,銀行口座，貯金口座
1296,locate,見つける，位置を突きとめる
1297,apply to,に適用する，に応用する
1298,politely,丁寧に，礼儀正しく
1299,accidentally,誤って，知らずに
1300,satisfy,を満足させる，を喜ばせる
1301,appointment,予定，約束
1302,luxury,贅沢な/贅沢
1303,replacement,置換，代替
1304,in touch,連絡中，連絡が取れて
1305,celebrate,祝う，祝福する
1306,imitate,模倣する，真似る
1307,assignment,割り当て，配分
1308,instrument,楽器，音楽器具
1309,capable of,ができる，可能で
1310,arrange,整える，を配置する
1311,take after,をまねる，に似る
1312,guilty of,罪を犯して，違法行為をして
1313,work out,練習する，運動する
1314,electricity,電力，電気
1315,composer,作曲，楽曲制作
1316,furniture,家具，調度品
1317,medicine,薬，医薬品
1318,at last,ついに，やっと
1319,sufficient,十分な，足りている
1320,barely,かろうじて，やっと
1321,delete,を削除する，消す
1322,urgent,緊急の，急を要する
1323,generous,気前のよい，寛容な
1324,cruel,残酷な，ひどい
1325,celebration,お祝い，祝典
1326,reflection,反響，反射
1327,whisper,ささやく，を耳打ちする
1328,deposit,お金を預ける，を預金する
1329,apology,謝罪，お詫び
1330,deceive,を欺く，をだます
1331,endure,を我慢する，耐える
1332,disposal,処理，処分
1333,statistics,統計，数字
1334,terminal,終りの，末端の
1335,formation,形成，構成
1336,envelope,封筒，封書
1337,quarrel,喧嘩，口論，言い争い
1338,from time to time,時々，偶に
1339,in demand,需要のある，求められる
1340,stand out,目立つ，すぐれている
1341,in the meantime,とりあえず，それまでは
1342,to some extent,いくらか，ある程度
1343,at any cost,どんな犠牲を払っても，何がなんでも
1344,on the contrary,その反対で，それどころか
1345,lose face,面子を失う，恥をかく
1346,answer for,責任を負う，引き受ける
1347,insist on,するように強く求める，強調する
1348,not always,必ずしもではない，いつもとは限らない
1349,at that time,あの時は，そのとき
1350,in common,共通して，一般的に
1351,be affected by,の影響を受ける，影響される
1352,luckily,幸いなことに，幸運にも
1353,not yet,まだ，今のところ
1354,in response,に応じて，に対応して
1355,have effects on,に影響を与える，に作用する
1356,one day,ある日，いつか
1357,five senses,五感，感覚器官
1358,ankle,足首，くるぶし
1359,related to,に関連する，に関わる
1360,active,活動的な，活気のある
1361,lesser,より少ない，いっそう少ない
1362,immune,免疫の，免疫のある
1363,disorder,無秩序，混乱
1364,mental,精神の，心の
1365,intend to,するつもりである，する意図がある
1366,at present,現在は，今は
1367,make a difference,違いを生む，差をつける
1368,exceptionally,例外的に，非常に
1369,almost,ほとんど，たいてい
1370,as to,に関して，について
1371,collapse,崩壊する，つぶれる
1372,insult,を侮辱する，を罵る
1373,isolated,孤立した，隔離された
1374,punctual,規則正しい，時間通りの
1375,frightened,恐ろしかった，怖かった
1376,guarantee,を保証する/保証
1377,blame,を非難する，批判する
1378,violate,違反する，破る
1379,delay,を遅らせる，先延ばしにする
1380,immigrate,移住する，移転する
1381,instinct,直感，本能，勘
1382,strangely,不思議なことに，奇妙に
1383,chase,を追跡する，追いかける/追跡
1384,pour,を注ぐ，激しく降る
1385,at one time,一度に，同時に
1386,all the way,はるばる，わざわざ
1387,pull away,引き離す，引き剥がす
1388,try out,を試す，十分に試してみる
1389,break into,に押し入る，侵入する
1390,call it a day,終了する，仕事を切り上げる
1391,be awake,目を覚ましている，覚醒している
1392,brightness,輝度，明るさ
1393,have an effect on,に影響を及ぼす，影響する
1394,indoor,室内/屋内の
1395,senior,ポストが上の/年上の人
1396,be adjusted to,に調整する，調節する
1397,specific,具体的な，特定の
1398,heart rate,心拍数，脈拍
1399,be beneficial to,に有益である，役立つ
1400,what is called,いわゆる，通称
1401,symmetry,対称，左右対称
1402,each other,お互い，それぞれ
1403,check for,を調べる，確認する
1404,over time,超過勤務，延長時間
1405,What is more,さらに，その上
1406,for some time,しばらくの間，一時的に
1407,at a time,１度に，同時に
1408,parking lot,駐車場，停車場
1409,all around the world,世界中の，全世界の
1410,copyright,著作権，版権
1411,director,監督，指導者，役員
1412,in reality,実際に，現実に
1413,depend on,に頼る，依存する
1414,claim to do,することを主張する
1415,agree with,に賛成である，支持する
1416,it is common to hear,を聞くのが一般的です，よく聞かれる
1417,temple,お寺，寺院
1418,bring,持って来る，連れてくる
1419,throw away,廃棄する，を捨てる
1420,garbage,生ゴミ，くず
1421,environmentally,環境的に，情勢的に
1422,process,過程，手順/を加工処理する
1423,up to,～まで，～に至る
1424,turn into,に変わる，に転ずる
1425,cut down on,を切り詰める，節約する
1426,fossil fuel,化石燃料
1427,plastic bag,ビニール袋，プラスチック袋
1428,harm,害，危害/を害する
1429,unbelievable,信じられない，信じがたい
1430,arrogant,傲慢な，横柄な
1431,harbor,港，港湾
1432,temper,気性，かんしゃく
1433,legend,伝説，言い伝え
1434,vague,漠然とした，あいまいな
1435,harvest,収穫/を収穫する
1436,planet,惑星，天体
1437,ruin,を台無しにする，破滅する/破滅
1438,launch,発売する，船をおろす
1439,refuse,を拒否する，拒む
1440,overtake,追い越す，追いつく
1441,restrict,を制限する，を限定する
1442,stock,株，在庫/を在庫に持つ
1443,competitor,競合他社，競争相手
1444,spectator,観客，見物人
1445,explorer,冒険者，探検家
1446,remind of,を思い出させる，気づかせる
1447,concentrate on,に集中する，専念する
1448,laugh at,を見て笑う，楽しむ
1449,well off,裕福な，富裕な
1450,straight on,まっすぐに，直線的に
1451,far off,はるかかなたの，遠くの
1452,equal,同等，等しい
1453,drop off,落ちる，落とす
1454,leave out,除外する，取り除く
1455,the other,もう一方の，反対側の
1456,be concerned with,に関係している，関連している
1457,sustainable,存続可能な，持続可能な
1458,leftover,残り物，食べ残し
1459,because of,～が理由で，目的のために
1460,hundreds of,何百もの
1461,efficiency,効率，能率
1462,arrangement,配置，配列
1463,prescription,処方，処方箋
1464,generously,惜しみなく，気前よく
1465,do well,うまくやる，成功する
1466,deadline,締め切り，期限
1467,exception,例外，特例
1468,temporarily,一時的に，仮に
1469,provide A with B,AにBを提供する，AがBを供給する
1470,fund,基金，資金
1471,in the long run,長い目で見れば，長期間に
1472,overlap,重ねる，積む
1473,collaboration,共同，共作，協力
1474,detective,探偵，刑事，捜査官
1475,modify,を変更する，を修正する
1476,stir,"をかき混ぜる, 混ぜる"
1477,orbit,"軌道, 軌跡"
1478,emotionally,"感情的に, 情緒的に"
1479,evaluate,評価する，見積もる
1480,prospect,見込み，眺め
